FileName,ModId,ModVersion,DisplayName,Slug,ProjectId,FileId,Sha1,LookupUrl
additional_lights-neoforge-1.21-2.1.10.jar,additional_lights,2.1.10,Additional Lights,additional-lights,384991,6841545,8dc485146437e8ac40dd29e10747601fd4e372ca,https://www.curseforge.com/minecraft/mc-mods/additional-lights/files/all?page=1&pageSize=20
ae2ct-1.21.1-1.1.1.jar,ae2ct,1.21.1-1.1.1,AE2:Crafting Tree,,1086241,7182163,2e425a9dc8891bdcd3b2914506d1bc33414b61be,https://www.curseforge.com/minecraft/mc-mods/ae2-crafting-tree/files/7182163
ae2jeiintegration-1.2.1.jar,ae2jeiintegration,1.2.1,AE2 JEI Integration,,1074338,7727898,e99898b3e9c32bf6ac757e7ad50247746622cdfc,https://www.curseforge.com/minecraft/mc-mods/ae2-jei-integration/files/7727898
AE2NetworkAnalyzer-1.21-2.1.5-neoforge.jar,ae2netanalyser,1.21-2.1.5-neoforge,AE2NetworkAnalyzer,,961856,7622554,c6cb26a2031687d801bf1763dc0c75cd92f3715c,https://www.curseforge.com/minecraft/search?class=mc-mods&search=AE2NetworkAnalyzer
alltheleaks-1.1.9+1.21.1-neoforge.jar,alltheleaks,1.1.9+1.21.1-neoforge,All The Leaks,,1091339,8090653,2e9d1bc9bb9801af070f59a808db232c2a6526dd,https://www.curseforge.com/minecraft/search?class=mc-mods&search=All%20The%20Leaks
Apotheosis-1.21.1-8.5.4.jar,apotheosis,8.5.4,Apotheosis,apotheosis,313970,8182695,24c28cdf26514148a92f7b8c620ec54a2cd2c9ca,https://www.curseforge.com/minecraft/mc-mods/apotheosis/files/all?page=1&pageSize=20
ApothicEnchanting-1.21.1-1.5.3.jar,apothic_enchanting,1.5.3,Apothic Enchanting,,1063926,8107222,751276a13db49a5f2202e50715b8864f5ae40cb6,https://www.curseforge.com/minecraft/search?class=mc-mods&search=Apothic%20Enchanting
ApothicSpawners-1.21.1-1.3.4.jar,apothic_spawners,1.3.4,Apothic Spawners,,986583,7492121,26d701238bdb76a497a64f588409419ad067e557,https://www.curseforge.com/minecraft/search?class=mc-mods&search=Apothic%20Spawners
ars_elemancy-1.21.1-1.18.3.jar,ars_elemancy,${file.jarVersion},Ars Elemancy,ars-elemancy,1153666,8349780,f7e01437c86fc74e2abb2ad93554dc20c30b214b,https://www.curseforge.com/minecraft/mc-mods/ars-elemancy/files/all?page=1&pageSize=20
ars_elemental-1.21.1-0.7.10.0.jar,ars_elemental,${file.jarVersion},Ars Elemental,ars-elemental-elemental-spell-foci,561470,8399862,c3612b9154508fd974863858364617f93c392905,https://www.curseforge.com/minecraft/mc-mods/ars-elemental-elemental-spell-foci/files/all?page=1&pageSize=20
ars_technica-1.21.1-2.7.6.jar,ars_technica,2.7.6,Ars Technica,,1096161,7642730,adb2641d538375f6eff6a22f0196bb330ab0b171,https://www.curseforge.com/minecraft/search?class=mc-mods&search=Ars%20Technica
atlas_api-1.21.1-1.2.0.jar,atlas_api,1.21.1-1.2.0,Atlas API,,1145462,6880789,79487e97bd6dbbd6cfbdbcd4fbf1a7ac34fb8998,https://www.curseforge.com/minecraft/search?class=mc-mods&search=Atlas%20API
blockui-1.0.211-1.21.1-snapshot.jar,blockui,1.0.211-1.21.1-snapshot,UI Library Mod,,522992,7790469,0ab4e0342b9f1e595d9a891f84747e4e5389c552,https://www.curseforge.com/minecraft/search?class=mc-mods&search=UI%20Library%20Mod
buildinggadgets2-1.3.9.jar,buildinggadgets2,1.3.9,Building Gadgets 2,,298187,6850515,666a155981e3cd231f67809b9e2a0238377bbbfc,https://www.curseforge.com/minecraft/search?class=mc-mods&search=Building%20Gadgets%202
calmtheleaks-1.2.2+1.21.1-neoforge.jar,calmtheleaks,1.2.2,Calm The Leaks,,1449975,8489485,69f97ba05c939bc6ee09c842efd5a6879e08dff7,https://www.curseforge.com/minecraft/search?class=mc-mods&search=Calm%20The%20Leaks
catalogue-neoforge-1.21.1-1.11.2.jar,catalogue,1.11.2,Catalogue,,459701,6926815,6d67f855c20bc6392763cfb22e1152da4e8015b4,https://www.curseforge.com/minecraft/search?class=mc-mods&search=Catalogue
chisels-and-bits-neoforge-21.1.32.jar,chiselsandbits,21.1.32,chisels-and-bits,,231095,7441123,d88bb106a30f571c365686cf627294ae282fd4b2,https://www.curseforge.com/minecraft/search?class=mc-mods&search=chisels-and-bits
chromacarvings-1.21.1-0.2.0.jar,chromacarvings,1.21.1-0.2.0,Chroma Carvings,,1283857,6921832,b791809827bfd4e3d28fc208815d92bfed92c602,https://www.curseforge.com/minecraft/search?class=mc-mods&search=Chroma%20Carvings
cobblegengalore-1.21.1-0.2.8.jar,cobblegengalore,1.21.1-0.2.8,Cobblegen Galore,,1108467,7268812,a799bf9d4818020bc41c009503f6d77f78eec247,https://www.curseforge.com/minecraft/search?class=mc-mods&search=Cobblegen%20Galore
compactmachines-neoforge-7.0.81.jar,compactmachines,7.0.81,Compact Machines,,224218,7621553,dcffc21e62a82c5d870ab13dc5c92687430d65b5,https://www.curseforge.com/minecraft/search?class=mc-mods&search=Compact%20Machines
cosmeticarmorreworked-1.21.1-v1-neoforge.jar,cosmeticarmorreworked,1.21.1-v1-neoforge,CosmeticArmorReworked,,237307,5610814,5f1e699cd0888b857ec63f01adaeb3571848bfea,https://www.curseforge.com/minecraft/search?class=mc-mods&search=CosmeticArmorReworked
crashutilities-9.0.4.jar,crashutilities,9.0.4,Crash Utilities,,371813,5993450,5117a448b0611f60fbe743a4a631e431dd31740e,https://www.curseforge.com/minecraft/search?class=mc-mods&search=Crash%20Utilities
cupboard-1.21.1-3.8.jar,cupboard,3.8,Cupboard mod,,326652,8260590,39df849e5a338dfe9ccb7632b1849c20357e597b,https://www.curseforge.com/minecraft/search?class=mc-mods&search=Cupboard%20mod
domum-ornamentum-1.0.234-snapshot-main.jar,domum_ornamentum,${file.jarVersion},Domum Ornamentum,,527361,8311478,e9564ce1269840b4e70791b79c83716a972618df,https://www.curseforge.com/minecraft/search?class=mc-mods&search=Domum%20Ornamentum
dyenamics-1.21.1-3.4.2.jar,dyenamics,1.21.1-3.4.2,Dyenamics,,509276,7138991,dc3ef3ca37de6c287180ae81d0328f575698c107,https://www.curseforge.com/minecraft/search?class=mc-mods&search=Dyenamics
dyenamicsandfriends-1.21.1-2.2.2.jar,dyenamicsandfriends,1.21.1-2.2.2,Dyenamics and Friends,,709617,7204108,cc43cabf3d36c33d51bc923f21f819766d3ce75d,https://www.curseforge.com/minecraft/search?class=mc-mods&search=Dyenamics%20and%20Friends
dysoncubeproject-1.0.5.jar,dysoncubeproject,1.0.5,Dyson Cube Project,,1345066,8082907,d44cd95808bfb583990829da776b69da95b97e6a,https://www.curseforge.com/minecraft/search?class=mc-mods&search=Dyson%20Cube%20Project
enderdrives-neoforge-1.21.1-1.4.4.jar,enderdrives,1.4.4,EnderDrives,,1226739,7033446,910f3c970434f0def3250e77226b6e3201a3f687,https://www.curseforge.com/minecraft/search?class=mc-mods&search=EnderDrives
,,,,,,,,
everythingcopper-1.21.1-2.4.5.jar,everythingcopper,1.21.1-2.4.5,Everything is Copper,,579545,6958511,b1e47814467032ed8d24f5a2ce3f466e44be9239,https://www.curseforge.com/minecraft/search?class=mc-mods&search=Everything%20is%20Copper
,,,,,,,,
extraspecialcore-1.2.2+1.21.1-neoforge.jar,extraspecialcore,1.2.2,ExtraSpecialCore,,1535889,8489461,9960370cb74d8ed5426e825f85d95d43ce2c278b,https://www.curseforge.com/minecraft/search?class=mc-mods&search=ExtraSpecialCore
factory_blocks-neoforge-1.4.0+mc1.21.1.jar,factory_blocks,1.4.0+mc1.21.1,Factory Blocks,,640001,6266334,51fa93c3b0978f4f7e3b801bea6822ec72522e50,https://www.curseforge.com/minecraft/search?class=mc-mods&search=Factory%20Blocks
FluxNetworks-1.21.1-8.0.0.jar,fluxnetworks,8.0.0,Flux Networks,flux-networks,248020,6089446,183342f454428084748f2784c8efd748664a9f9c,https://www.curseforge.com/minecraft/mc-mods/flux-networks/files/all?page=1&pageSize=20
framework-neoforge-1.21.1-0.13.11.jar,framework,0.13.11,Framework,,549225,7530361,e46eb138fbb13a12f37154fb4ec407d64b326475,https://www.curseforge.com/minecraft/search?class=mc-mods&search=Framework
ftb-chunks-neoforge-2101.1.14.jar,ftbchunks,2101.1.14,FTB Chunks,,314906,7608681,908b63b11d0e00ae6c9557d3fe6440bdbcf21bb7,https://www.curseforge.com/minecraft/search?class=mc-mods&search=FTB%20Chunks
ftb-essentials-neoforge-2101.1.9.jar,ftbessentials,2101.1.9,FTB Essentials,,410811,7608733,7d6f274b38d767215549ec066246390c49ac7ad8,https://www.curseforge.com/minecraft/search?class=mc-mods&search=FTB%20Essentials
ftb-filter-system-neoforge-21.1.4.jar,ftbfiltersystem,21.1.4,FTB Filter System,ftb-filter-system,943925,7429011,a48e54edeacc59aaba29a1b627799c052112ee0b,https://www.curseforge.com/minecraft/mc-mods/ftb-filter-system/files/all?page=1&pageSize=20
ftb-jei-extras-21.1.7.jar,ftbjeiextras,21.1.7,FTB Jei Extras,,1103259,6695679,ef01126201a805991bbfe5351cff7d0a9e3a077b,https://www.curseforge.com/minecraft/search?class=mc-mods&search=FTB%20Jei%20Extras
ftb-library-neoforge-2101.1.31.jar,ftblibrary,2101.1.31,FTB Library,,404465,7746959,686d4e784c28c14f7760cc22b2de6a8573b56b74,https://www.curseforge.com/minecraft/search?class=mc-mods&search=FTB%20Library
ftb-quests-neoforge-2101.1.24.jar,ftbquests,2101.1.24,FTB Quests,,289412,7878289,abe5eeccbddf10ae4e40c350cdb6e95ee9e4cde1,https://www.curseforge.com/minecraft/search?class=mc-mods&search=FTB%20Quests
ftb-ranks-neoforge-2101.1.3.jar,ftbranks,2101.1.3,FTB Ranks,,314905,6431744,07fdfa3a75c3481770ce0118090a347d89e3a560,https://www.curseforge.com/minecraft/search?class=mc-mods&search=FTB%20Ranks
ftb-teams-neoforge-2101.1.10.jar,ftbteams,2101.1.10,FTB Teams,,404468,7878281,363376ae0fb22cb0527170fdf6a066d1da9b0225,https://www.curseforge.com/minecraft/search?class=mc-mods&search=FTB%20Teams
ftb-ultimine-neoforge-2101.1.14.jar,ftbultimine,2101.1.14,FTB Ultimine,,386134,8078515,5ad3196e1aa68884065b1713d6754ff2f341059b,https://www.curseforge.com/minecraft/search?class=mc-mods&search=FTB%20Ultimine
ftbquestslangsplitter-1.0.5.jar,ftbquestslangsplitter,1.0.5,FTB Quests Lang Splitter,,1326856,6975768,74652f1f845c7a31f12b50163164eba06beebbd7,https://www.curseforge.com/minecraft/search?class=mc-mods&search=FTB%20Quests%20Lang%20Splitter
generatorgalore-1.21.1-1.6.3.jar,generatorgalore,1.21.1-1.6.3,Generator Galore,,691049,6799851,31418972d718190c6f13d8a34f434b266af317e0,https://www.curseforge.com/minecraft/search?class=mc-mods&search=Generator%20Galore
GravitationalModulatingAdditionalUnit-1.21.1-6.4.jar,gmut,6.4,Gravitational Modulating Additional Unit,gravitational-modulating-additional-unit,656136,6895172,244d8b57aa7d34e247f3dd09cacf647a9ba1cfab,https://www.curseforge.com/minecraft/mc-mods/gravitational-modulating-additional-unit/files/all?page=1&pageSize=20
industrialization_overdrive-1.12.1+1.21.1.jar,industrialization_overdrive,1.12.1+1.21.1,Industrialization Overdrive,,1089065,8409629,12b73c835e9cc4c4cf87d31d065d88648daa9793,https://www.curseforge.com/minecraft/search?class=mc-mods&search=Industrialization%20Overdrive
irons_jewelry-1.21.1-2.0.1.jar,irons_jewelry,1.21.1-2.0.1,Iron's Gems 'n Jewelry,,1101111,8314018,0b21f0535bcf9a1097cb634c5800b360f536e577,https://www.curseforge.com/minecraft/search?class=mc-mods&search=Iron's%20Gems%20'n%20Jewelry
kubejstweaks-1.0.6.jar,kubejstweaks,1.0.6,KubeJS Tweaks,,1306367,7516288,6548ec47aa6b0498c3018cde40d9d0a203b67446,https://www.curseforge.com/minecraft/search?class=mc-mods&search=KubeJS%20Tweaks
laserio-1.9.11.jar,laserio,1.9.11,LaserIO,,626839,5730007,0545bff65926346c9663fe3c397029561a87400f,https://www.curseforge.com/minecraft/search?class=mc-mods&search=LaserIO
mekanisticrouters-1.2.0.jar,mekanisticrouters,1.2.0,Mekanistic Routers,,1148201,7511369,a3506c0c37f92a390f021affa752cf55cc0a0b12,https://www.curseforge.com/minecraft/search?class=mc-mods&search=Mekanistic%20Routers
memorysettings-1.21-6.0.jar,memorysettings,6,memorysettings mod,,526901,7934534,cf94148dab1e03ee5c737657efe0371f1132a145,https://www.curseforge.com/minecraft/search?class=mc-mods&search=memorysettings%20mod
minecolonies-1.1.1349-1.21.1-snapshot.jar,minecolonies,1.1.1349-1.21.1-snapshot,MineColonies,,245506,8422807,aebb544862795d5784b2f01fdfef4ea41567fabd,https://www.curseforge.com/minecraft/search?class=mc-mods&search=MineColonies
mininggadgets-1.18.7.jar,mininggadgets,1.18.7,Mining Gadgets,,351748,8414578,4b016f6b02cca15ec0150ed5f59e33ab07caf9e1,https://www.curseforge.com/minecraft/search?class=mc-mods&search=Mining%20Gadgets
moredragoneggs-5.0.jar,moredragoneggs,5,More Dragon Eggs,,358700,5746086,c9b26ad977aaa6c2d1bd1ad681edd77cf466537d,https://www.curseforge.com/minecraft/search?class=mc-mods&search=More%20Dragon%20Eggs
morered-1.21.1-6.0.0.3.jar,morered,${file.jarVersion},More Red,more-red,387638,5763286,a69f18365301470c0fc2b07125c9ba3c10f270f6,https://www.curseforge.com/minecraft/mc-mods/more-red/files/all?page=1&pageSize=20
MoreRed-CCT-Compat-1.21.1-1.3.0.jar,moreredxcctcompat,1.21.1-1.3.0,More Red x CC:Tweaked Compat,more-red-x-cc-tweaked-compat,867286,6165477,534c64c86798ca691f0565bbf3fe09c9795a12df,https://www.curseforge.com/minecraft/mc-mods/more-red-x-cc-tweaked-compat/files/all?page=1&pageSize=20
multipiston-1.2.58-1.21.1.jar,multipiston,1.2.58-1.21.1,Multi-Piston,,303278,7097877,2b63be739da24247328e4052ec91c928230d0390,https://www.curseforge.com/minecraft/search?class=mc-mods&search=Multi-Piston
productivebees-1.21.1-13.13.5.jar,productivebees,1.21.1-13.13.5,Productive Bees,,377897,8022994,31f7bb1567fdbb508db133f5b094d5d0d293030d,https://www.curseforge.com/minecraft/search?class=mc-mods&search=Productive%20Bees
productivefarming-1.21.1-0.5.2.jar,productivefarming,1.21.1-0.5.2,Productive Farming,,944463,7612556,8277bd447b89589c54eea1a91c76a689dcbecf12,https://www.curseforge.com/minecraft/search?class=mc-mods&search=Productive%20Farming
productivemetalworks-1.21.1-1.15.0.jar,productivemetalworks,1.21.1-1.15.0,Productive Metalworks,,1184570,7884786,994781120d75e17c21851d1d3c5a2789a006eb49,https://www.curseforge.com/minecraft/search?class=mc-mods&search=Productive%20Metalworks
productivetrees-1.21.1-1.0.0.jar,productivetrees,1.21.1-1.0.0,Productive Trees,,867074,8190022,f3c4f098e50b519a186230c328bad20f91659044,https://www.curseforge.com/minecraft/search?class=mc-mods&search=Productive%20Trees
ProjectE-1.21.1-PE1.1.0.jar,projecte,1.1.0,ProjectE,,226410,6611984,24fb5997727453a15e956522761a3f586e646c2a,https://www.curseforge.com/minecraft/search?class=mc-mods&search=ProjectE
refurbished_furniture-neoforge-1.21.1-1.0.22.jar,refurbished_furniture,1.0.22,MrCrayfish's Furniture Mod: Refurbished,,897116,7473565,6c209e6b755ff26218efd55aedf2dea49183d29b,https://www.curseforge.com/minecraft/search?class=mc-mods&search=MrCrayfish's%20Furniture%20Mod%3A%20Refurbished
structurize-1.0.832-1.21.1-snapshot.jar,structurize,1.0.832-1.21.1-snapshot,Structurize,,298744,8398574,96f0c0d236ac3bfb361cbb05d0b0c140fb77d3d5,https://www.curseforge.com/minecraft/search?class=mc-mods&search=Structurize
towntalk-1.2.0.jar,towntalk,1.2.0,Towntalk,,900364,5653504,6866d898938bdde1a17fadee16983c0c6071eac6,https://www.curseforge.com/minecraft/search?class=mc-mods&search=Towntalk
treetap-1.21.1-0.4.6.jar,treetap,1.21.1-0.4.6,Tree Tap,,927874,8146520,d7423d6ac17c8298546261e6e210cafa2fb5ff79,https://www.curseforge.com/minecraft/search?class=mc-mods&search=Tree%20Tap
twilightforest-1.21.1-4.8.3345-universal.jar,twilightforest,4.8.3345,The Twilight Forest,the-twilight-forest,227639,7797302,9cfd4154928433e2f1f6cfc3deb48c284debb580,https://www.curseforge.com/minecraft/mc-mods/the-twilight-forest/files/all?page=1&pageSize=20
xtonesreworked-1.1.1-1.21.1.jar,xtonesreworked,1.1.1-1.21.1,XTones Reworked,,694231,7032490,2daa001d39b43ba379991b944e022ab365c74cfd,https://www.curseforge.com/minecraft/search?class=mc-mods&search=XTones%20Reworked
xycraft_core-0.7.53-all.jar,xycraft_core,0.7.53,XyCraft Core,,653786,6872525,c734345c9c5eff8f50551a344fff6b5f1c14c6e7,https://www.curseforge.com/minecraft/search?class=mc-mods&search=XyCraft%20Core
xycraft_machines-0.7.53.jar,xycraft_machines,0.7.53,XyCraft Machines,,653791,6872530,db40db00830c67a33ac48c1dd9617f67069b22b4,https://www.curseforge.com/minecraft/search?class=mc-mods&search=XyCraft%20Machines
xycraft_override-0.7.53.jar,xycraft_override,0.7.53,XyCraft Override,,653790,6872531,0fe04397966d3a6a04fd65b6d55a8e6b5623b7be,https://www.curseforge.com/minecraft/search?class=mc-mods&search=XyCraft%20Override
xycraft_world-0.7.53.jar,xycraft_world,0.7.53,XyCraft World,,653789,6872532,100aed4d7cc9f10aa21f3571d9c367a4bd44cf6f,https://www.curseforge.com/minecraft/search?class=mc-mods&search=XyCraft%20World
