"Mod","FilePath","FileName"
"actuallyadditions-1.3.25+mc1.21.1","data/actuallyadditions/neoforge/biome_modifier/add_black_quartz.json","add_black_quartz.json"
"actuallyadditions-1.3.25+mc1.21.1","data/actuallyadditions/neoforge/biome_modifier/add_canola.json","add_canola.json"
"actuallyadditions-1.3.25+mc1.21.1","data/actuallyadditions/neoforge/biome_modifier/add_coffee.json","add_coffee.json"
"actuallyadditions-1.3.25+mc1.21.1","data/actuallyadditions/neoforge/biome_modifier/add_flax.json","add_flax.json"
"actuallyadditions-1.3.25+mc1.21.1","data/actuallyadditions/neoforge/biome_modifier/add_rice.json","add_rice.json"
"aethersdelight-0.1.4.2-1.21.1","data/aethersdelight/neoforge/biome_modifier/add_arkenium_ore.json","add_arkenium_ore.json"
"aethersdelight-0.1.4.2-1.21.1","data/aethersdelight/neoforge/biome_modifier/add_peppermint_bush.json","add_peppermint_bush.json"
"aethersdelight-0.1.4.2-1.21.1","data/aethersdelight/neoforge/biome_modifier/add_wild_ginger.json","add_wild_ginger.json"
"aethersdelight-0.1.4.2-1.21.1","data/aethersdelight/neoforge/biome_modifier/add_wild_leek.json","add_wild_leek.json"
"aethersdelight-0.1.4.2-1.21.1","data/aethersdelight/neoforge/biome_modifier/add_wild_parsnip.json","add_wild_parsnip.json"
"almostunified-neoforge-1.21.1-1.4.2","data/almostunified/neoforge/biome_modifier/worldgen.json","worldgen.json"
"Apotheosis-1.21.1-8.5.2","data/apotheosis/neoforge/biome_modifier/boss_dungeon.json","boss_dungeon.json"
"Apotheosis-1.21.1-8.5.2","data/apotheosis/neoforge/biome_modifier/boss_dungeon_2.json","boss_dungeon_2.json"
"Apotheosis-1.21.1-8.5.2","data/apotheosis/neoforge/biome_modifier/boss_dungeon_2_deep.json","boss_dungeon_2_deep.json"
"Apotheosis-1.21.1-8.5.2","data/apotheosis/neoforge/biome_modifier/boss_dungeon_deep.json","boss_dungeon_deep.json"
"Apotheosis-1.21.1-8.5.2","data/apotheosis/neoforge/biome_modifier/rogue_spawner.json","rogue_spawner.json"
"Apotheosis-1.21.1-8.5.2","data/apotheosis/neoforge/biome_modifier/rogue_spawner_deep.json","rogue_spawner_deep.json"
"Aquaculture-1.21.1-2.7.21","data/aquaculture/neoforge/biome_modifier/box_turtle_spawn.json","box_turtle_spawn.json"
"Aquaculture-1.21.1-2.7.21","data/aquaculture/neoforge/biome_modifier/minnow_spawn.json","minnow_spawn.json"
"Aquaculture-1.21.1-2.7.21","data/aquaculture/neoforge/biome_modifier/pollock_spawn_beach.json","pollock_spawn_beach.json"
"Aquaculture-1.21.1-2.7.21","data/aquaculture/neoforge/biome_modifier/atlantic_cod_spawn_beach.json","atlantic_cod_spawn_beach.json"
"Aquaculture-1.21.1-2.7.21","data/aquaculture/neoforge/biome_modifier/perch_spawn.json","perch_spawn.json"
"Aquaculture-1.21.1-2.7.21","data/aquaculture/neoforge/biome_modifier/brown_shrooma_spawn.json","brown_shrooma_spawn.json"
"Aquaculture-1.21.1-2.7.21","data/aquaculture/neoforge/biome_modifier/rainbow_trout_spawn_beach.json","rainbow_trout_spawn_beach.json"
"Aquaculture-1.21.1-2.7.21","data/aquaculture/neoforge/biome_modifier/rainbow_trout_spawn_ocean.json","rainbow_trout_spawn_ocean.json"
"Aquaculture-1.21.1-2.7.21","data/aquaculture/neoforge/biome_modifier/pink_salmon_spawn_beach.json","pink_salmon_spawn_beach.json"
"Aquaculture-1.21.1-2.7.21","data/aquaculture/neoforge/biome_modifier/carp_spawn.json","carp_spawn.json"
"Aquaculture-1.21.1-2.7.21","data/aquaculture/neoforge/biome_modifier/tuna_spawn.json","tuna_spawn.json"
"Aquaculture-1.21.1-2.7.21","data/aquaculture/neoforge/biome_modifier/arapaima_spawn.json","arapaima_spawn.json"
"Aquaculture-1.21.1-2.7.21","data/aquaculture/neoforge/biome_modifier/bluegill_spawn.json","bluegill_spawn.json"
"Aquaculture-1.21.1-2.7.21","data/aquaculture/neoforge/biome_modifier/synodontis_spawn.json","synodontis_spawn.json"
"Aquaculture-1.21.1-2.7.21","data/aquaculture/neoforge/biome_modifier/muskellunge_spawn.json","muskellunge_spawn.json"
"Aquaculture-1.21.1-2.7.21","data/aquaculture/neoforge/biome_modifier/rainbow_trout_spawn_river.json","rainbow_trout_spawn_river.json"
"Aquaculture-1.21.1-2.7.21","data/aquaculture/neoforge/biome_modifier/pacific_halibut_spawn_beach.json","pacific_halibut_spawn_beach.json"
"Aquaculture-1.21.1-2.7.21","data/aquaculture/neoforge/biome_modifier/atlantic_herring_spawn.json","atlantic_herring_spawn.json"
"Aquaculture-1.21.1-2.7.21","data/aquaculture/neoforge/biome_modifier/jellyfish_spawn.json","jellyfish_spawn.json"
"Aquaculture-1.21.1-2.7.21","data/aquaculture/neoforge/biome_modifier/atlantic_cod_spawn_ocean.json","atlantic_cod_spawn_ocean.json"
"Aquaculture-1.21.1-2.7.21","data/aquaculture/neoforge/biome_modifier/starshell_turtle_spawn.json","starshell_turtle_spawn.json"
"Aquaculture-1.21.1-2.7.21","data/aquaculture/neoforge/biome_modifier/catfish_spawn.json","catfish_spawn.json"
"Aquaculture-1.21.1-2.7.21","data/aquaculture/neoforge/biome_modifier/red_grouper_spawn.json","red_grouper_spawn.json"
"Aquaculture-1.21.1-2.7.21","data/aquaculture/neoforge/biome_modifier/tambaqui_spawn.json","tambaqui_spawn.json"
"Aquaculture-1.21.1-2.7.21","data/aquaculture/neoforge/biome_modifier/capitaine_spawn.json","capitaine_spawn.json"
"Aquaculture-1.21.1-2.7.21","data/aquaculture/neoforge/biome_modifier/brown_trout_spawn.json","brown_trout_spawn.json"
"Aquaculture-1.21.1-2.7.21","data/aquaculture/neoforge/biome_modifier/atlantic_halibut_spawn.json","atlantic_halibut_spawn.json"
"Aquaculture-1.21.1-2.7.21","data/aquaculture/neoforge/biome_modifier/red_shrooma_spawn.json","red_shrooma_spawn.json"
"Aquaculture-1.21.1-2.7.21","data/aquaculture/neoforge/biome_modifier/piranha_spawn.json","piranha_spawn.json"
"Aquaculture-1.21.1-2.7.21","data/aquaculture/neoforge/biome_modifier/pacific_halibut_spawn_ocean.json","pacific_halibut_spawn_ocean.json"
"Aquaculture-1.21.1-2.7.21","data/aquaculture/neoforge/biome_modifier/boulti_spawn.json","boulti_spawn.json"
"Aquaculture-1.21.1-2.7.21","data/aquaculture/neoforge/biome_modifier/arrau_turtle_spawn.json","arrau_turtle_spawn.json"
"Aquaculture-1.21.1-2.7.21","data/aquaculture/neoforge/biome_modifier/blackfish_spawn_beach.json","blackfish_spawn_beach.json"
"Aquaculture-1.21.1-2.7.21","data/aquaculture/neoforge/biome_modifier/blackfish_spawn_ocean.json","blackfish_spawn_ocean.json"
"Aquaculture-1.21.1-2.7.21","data/aquaculture/neoforge/biome_modifier/pink_salmon_spawn_water.json","pink_salmon_spawn_water.json"
"Aquaculture-1.21.1-2.7.21","data/aquaculture/neoforge/biome_modifier/smallmouth_bass_spawn.json","smallmouth_bass_spawn.json"
"Aquaculture-1.21.1-2.7.21","data/aquaculture/neoforge/biome_modifier/pollock_spawn_ocean.json","pollock_spawn_ocean.json"
"Aquaculture-1.21.1-2.7.21","data/aquaculture/neoforge/biome_modifier/bayad_spawn.json","bayad_spawn.json"
"Aquaculture-1.21.1-2.7.21","data/aquaculture/neoforge/biome_modifier/gar_spawn.json","gar_spawn.json"
"ars_elemental-1.21.1-0.7.9.3","data/ars_elemental/neoforge/biome_modifier/common_flashing_archwood.json","common_flashing_archwood.json"
"ars_elemental-1.21.1-0.7.9.3","data/ars_elemental/neoforge/biome_modifier/flashing_archwood.json","flashing_archwood.json"
"ars_elemental-1.21.1-0.7.9.3","data/ars_elemental/neoforge/biome_modifier/flashjack_spawns.json","flashjack_spawns.json"
"ars_elemental-1.21.1-0.7.9.3","data/ars_elemental/neoforge/biome_modifier/siren_spawns.json","siren_spawns.json"
"ars_nouveau-1.21.1-5.11.5","data/ars_nouveau/neoforge/biome_modifier/starbuncle_spawn.json","starbuncle_spawn.json"
"ars_nouveau-1.21.1-5.11.5","data/ars_nouveau/neoforge/biome_modifier/rare_archwood_mix.json","rare_archwood_mix.json"
"ars_nouveau-1.21.1-5.11.5","data/ars_nouveau/neoforge/biome_modifier/alakarkinos_spawn.json","alakarkinos_spawn.json"
"ars_nouveau-1.21.1-5.11.5","data/ars_nouveau/neoforge/biome_modifier/gift_starbuncle_spawn.json","gift_starbuncle_spawn.json"
"ars_nouveau-1.21.1-5.11.5","data/ars_nouveau/neoforge/biome_modifier/drygmy_spawn.json","drygmy_spawn.json"
"ars_nouveau-1.21.1-5.11.5","data/ars_nouveau/neoforge/biome_modifier/common_source_berry.json","common_source_berry.json"
"ars_nouveau-1.21.1-5.11.5","data/ars_nouveau/neoforge/biome_modifier/whirlisprig_spawn.json","whirlisprig_spawn.json"
"artifacts-neoforge-13.2.1","data/artifacts/neoforge/biome_modifier/add_campsite.json","add_campsite.json"
"balm-neoforge-1.21.1-21.0.58","data/balm/neoforge/biome_modifier/balm.json","balm.json"
"crabbersdelight-1.21.1-1.2.6","data/crabbersdelight/neoforge/biome_modifier/add_crab_spawns.json","add_crab_spawns.json"
"crabbersdelight-1.21.1-1.2.6","data/crabbersdelight/neoforge/biome_modifier/add_seashells.json","add_seashells.json"
"crabbersdelight-1.21.1-1.2.6","data/crabbersdelight/neoforge/biome_modifier/add_seashells_underwater.json","add_seashells_underwater.json"
"crabbersdelight-1.21.1-1.2.6","data/crabbersdelight/neoforge/biome_modifier/add_tree_palm.json","add_tree_palm.json"
"create-1.21.1-6.0.10","data/create/neoforge/biome_modifier/zinc_ore.json","zinc_ore.json"
"create-1.21.1-6.0.10","data/create/neoforge/biome_modifier/striated_ores_overworld.json","striated_ores_overworld.json"
"create-1.21.1-6.0.10","data/create/neoforge/biome_modifier/striated_ores_nether.json","striated_ores_nether.json"
"createnuclear-1.3.2-beta.3-neoforge","data/createnuclear/neoforge/biome_modifier/lead_ore.json","lead_ore.json"
"createnuclear-1.3.2-beta.3-neoforge","data/createnuclear/neoforge/biome_modifier/striated_ores_overworld.json","striated_ores_overworld.json"
"createnuclear-1.3.2-beta.3-neoforge","data/createnuclear/neoforge/biome_modifier/uranium_ore.json","uranium_ore.json"
"CreeperOverhaul-neoforge-1.21.1-4.0.6","data/creeperoverhaul/neoforge/biome_modifier/badlands.json","badlands.json"
"CreeperOverhaul-neoforge-1.21.1-4.0.6","data/creeperoverhaul/neoforge/biome_modifier/bamboo.json","bamboo.json"
"CreeperOverhaul-neoforge-1.21.1-4.0.6","data/creeperoverhaul/neoforge/biome_modifier/beach.json","beach.json"
"CreeperOverhaul-neoforge-1.21.1-4.0.6","data/creeperoverhaul/neoforge/biome_modifier/birch.json","birch.json"
"CreeperOverhaul-neoforge-1.21.1-4.0.6","data/creeperoverhaul/neoforge/biome_modifier/cave.json","cave.json"
"CreeperOverhaul-neoforge-1.21.1-4.0.6","data/creeperoverhaul/neoforge/biome_modifier/dark_oak.json","dark_oak.json"
"CreeperOverhaul-neoforge-1.21.1-4.0.6","data/creeperoverhaul/neoforge/biome_modifier/desert.json","desert.json"
"CreeperOverhaul-neoforge-1.21.1-4.0.6","data/creeperoverhaul/neoforge/biome_modifier/dripstone.json","dripstone.json"
"CreeperOverhaul-neoforge-1.21.1-4.0.6","data/creeperoverhaul/neoforge/biome_modifier/hill.json","hill.json"
"CreeperOverhaul-neoforge-1.21.1-4.0.6","data/creeperoverhaul/neoforge/biome_modifier/jungle.json","jungle.json"
"CreeperOverhaul-neoforge-1.21.1-4.0.6","data/creeperoverhaul/neoforge/biome_modifier/mushroom.json","mushroom.json"
"CreeperOverhaul-neoforge-1.21.1-4.0.6","data/creeperoverhaul/neoforge/biome_modifier/ocean.json","ocean.json"
"CreeperOverhaul-neoforge-1.21.1-4.0.6","data/creeperoverhaul/neoforge/biome_modifier/remove_vanilla.json","remove_vanilla.json"
"CreeperOverhaul-neoforge-1.21.1-4.0.6","data/creeperoverhaul/neoforge/biome_modifier/savannah.json","savannah.json"
"CreeperOverhaul-neoforge-1.21.1-4.0.6","data/creeperoverhaul/neoforge/biome_modifier/snowy.json","snowy.json"
"CreeperOverhaul-neoforge-1.21.1-4.0.6","data/creeperoverhaul/neoforge/biome_modifier/spruce.json","spruce.json"
"CreeperOverhaul-neoforge-1.21.1-4.0.6","data/creeperoverhaul/neoforge/biome_modifier/swamp.json","swamp.json"
"deep_aether-1.21.1-1.1.5.1","data/deep_aether/neoforge/biome_modifier/add_aerglow_fish_spawn.json","add_aerglow_fish_spawn.json"
"deep_aether-1.21.1-1.1.5.1","data/deep_aether/neoforge/biome_modifier/add_quail_spawn.json","add_quail_spawn.json"
"deep_aether-1.21.1-1.1.5.1","data/deep_aether/neoforge/biome_modifier/aseterite.json","aseterite.json"
"deep_aether-1.21.1-1.1.5.1","data/deep_aether/neoforge/biome_modifier/clorite.json","clorite.json"
"deep_aether-1.21.1-1.1.5.1","data/deep_aether/neoforge/biome_modifier/echaisy.json","echaisy.json"
"deep_aether-1.21.1-1.1.5.1","data/deep_aether/neoforge/biome_modifier/golden_aspess.json","golden_aspess.json"
"deep_aether-1.21.1-1.1.5.1","data/deep_aether/neoforge/biome_modifier/more_skyjade_ore.json","more_skyjade_ore.json"
"deep_aether-1.21.1-1.1.5.1","data/deep_aether/neoforge/biome_modifier/skyjade_ore.json","skyjade_ore.json"
"deep_aether-1.21.1-1.1.5.1","data/deep_aether/neoforge/biome_modifier/sky_tulips.json","sky_tulips.json"
"deep_aether-1.21.1-1.1.5.1","data/deep_aether/neoforge/biome_modifier/sterling_aercloud.json","sterling_aercloud.json"
"Draconic-Evolution-1.21.1-3.1.4.632","data/draconicevolution/neoforge/biome_modifier/overworld_draconium_ore.json","overworld_draconium_ore.json"
"Draconic-Evolution-1.21.1-3.1.4.632","data/draconicevolution/neoforge/biome_modifier/nether_draconium_ore.json","nether_draconium_ore.json"
"Draconic-Evolution-1.21.1-3.1.4.632","data/draconicevolution/neoforge/biome_modifier/chaoos_island.json","chaoos_island.json"
"Draconic-Evolution-1.21.1-3.1.4.632","data/draconicevolution/neoforge/biome_modifier/end_comet.json","end_comet.json"
"Draconic-Evolution-1.21.1-3.1.4.632","data/draconicevolution/neoforge/biome_modifier/end_draconium_ore.json","end_draconium_ore.json"
"electrodynamics-1.21.1-1.0.2","data/electrodynamics/neoforge/biome_modifier/ore_aluminum.json","ore_aluminum.json"
"electrodynamics-1.21.1-1.0.2","data/electrodynamics/neoforge/biome_modifier/ore_chromium.json","ore_chromium.json"
"electrodynamics-1.21.1-1.0.2","data/electrodynamics/neoforge/biome_modifier/ore_fluorite.json","ore_fluorite.json"
"electrodynamics-1.21.1-1.0.2","data/electrodynamics/neoforge/biome_modifier/ore_lead.json","ore_lead.json"
"electrodynamics-1.21.1-1.0.2","data/electrodynamics/neoforge/biome_modifier/ore_lithium.json","ore_lithium.json"
"electrodynamics-1.21.1-1.0.2","data/electrodynamics/neoforge/biome_modifier/ore_molybdenum.json","ore_molybdenum.json"
"electrodynamics-1.21.1-1.0.2","data/electrodynamics/neoforge/biome_modifier/ore_monazite.json","ore_monazite.json"
"electrodynamics-1.21.1-1.0.2","data/electrodynamics/neoforge/biome_modifier/ore_niter.json","ore_niter.json"
"electrodynamics-1.21.1-1.0.2","data/electrodynamics/neoforge/biome_modifier/ore_salt.json","ore_salt.json"
"electrodynamics-1.21.1-1.0.2","data/electrodynamics/neoforge/biome_modifier/ore_silver.json","ore_silver.json"
"electrodynamics-1.21.1-1.0.2","data/electrodynamics/neoforge/biome_modifier/ore_sulfur.json","ore_sulfur.json"
"electrodynamics-1.21.1-1.0.2","data/electrodynamics/neoforge/biome_modifier/ore_sylvite.json","ore_sylvite.json"
"electrodynamics-1.21.1-1.0.2","data/electrodynamics/neoforge/biome_modifier/ore_thorium.json","ore_thorium.json"
"electrodynamics-1.21.1-1.0.2","data/electrodynamics/neoforge/biome_modifier/ore_tin.json","ore_tin.json"
"electrodynamics-1.21.1-1.0.2","data/electrodynamics/neoforge/biome_modifier/ore_titanium.json","ore_titanium.json"
"electrodynamics-1.21.1-1.0.2","data/electrodynamics/neoforge/biome_modifier/ore_uranium.json","ore_uranium.json"
"electrodynamics-1.21.1-1.0.2","data/electrodynamics/neoforge/biome_modifier/ore_vanadium.json","ore_vanadium.json"
"endermanoverhaul-neoforge-1.21.1-2.0.3","data/endermanoverhaul/neoforge/biome_modifier/default_remove.json","default_remove.json"
"endermanoverhaul-neoforge-1.21.1-2.0.3","data/endermanoverhaul/neoforge/biome_modifier/soulsand_valley_enderman.json","soulsand_valley_enderman.json"
"endermanoverhaul-neoforge-1.21.1-2.0.3","data/endermanoverhaul/neoforge/biome_modifier/end_islands.json","end_islands.json"
"endermanoverhaul-neoforge-1.21.1-2.0.3","data/endermanoverhaul/neoforge/biome_modifier/windswept_hills.json","windswept_hills.json"
"endermanoverhaul-neoforge-1.21.1-2.0.3","data/endermanoverhaul/neoforge/biome_modifier/flower_fields.json","flower_fields.json"
"endermanoverhaul-neoforge-1.21.1-2.0.3","data/endermanoverhaul/neoforge/biome_modifier/swamp.json","swamp.json"
"endermanoverhaul-neoforge-1.21.1-2.0.3","data/endermanoverhaul/neoforge/biome_modifier/savanna.json","savanna.json"
"endermanoverhaul-neoforge-1.21.1-2.0.3","data/endermanoverhaul/neoforge/biome_modifier/warped_forest.json","warped_forest.json"
"endermanoverhaul-neoforge-1.21.1-2.0.3","data/endermanoverhaul/neoforge/biome_modifier/coral.json","coral.json"
"endermanoverhaul-neoforge-1.21.1-2.0.3","data/endermanoverhaul/neoforge/biome_modifier/nether_wastes.json","nether_wastes.json"
"endermanoverhaul-neoforge-1.21.1-2.0.3","data/endermanoverhaul/neoforge/biome_modifier/desert.json","desert.json"
"endermanoverhaul-neoforge-1.21.1-2.0.3","data/endermanoverhaul/neoforge/biome_modifier/snowy.json","snowy.json"
"endermanoverhaul-neoforge-1.21.1-2.0.3","data/endermanoverhaul/neoforge/biome_modifier/ice_spikes.json","ice_spikes.json"
"endermanoverhaul-neoforge-1.21.1-2.0.3","data/endermanoverhaul/neoforge/biome_modifier/end.json","end.json"
"endermanoverhaul-neoforge-1.21.1-2.0.3","data/endermanoverhaul/neoforge/biome_modifier/badlands.json","badlands.json"
"endermanoverhaul-neoforge-1.21.1-2.0.3","data/endermanoverhaul/neoforge/biome_modifier/crimson_forest.json","crimson_forest.json"
"endermanoverhaul-neoforge-1.21.1-2.0.3","data/endermanoverhaul/neoforge/biome_modifier/cave.json","cave.json"
"endermanoverhaul-neoforge-1.21.1-2.0.3","data/endermanoverhaul/neoforge/biome_modifier/mushroom_fields_spawns.json","mushroom_fields_spawns.json"
"endermanoverhaul-neoforge-1.21.1-2.0.3","data/endermanoverhaul/neoforge/biome_modifier/dark_oak.json","dark_oak.json"
"endersdelight-1.3.0","data/endersdelight/neoforge/biome_modifier/amberveil_biome_modifier.json","amberveil_biome_modifier.json"
"endersdelight-1.3.0","data/endersdelight/neoforge/biome_modifier/chorusflame_biome_modifier.json","chorusflame_biome_modifier.json"
"endersdelight-1.3.0","data/endersdelight/neoforge/biome_modifier/saffron_biome_modifier.json","saffron_biome_modifier.json"
"endersdelight-1.3.0","data/endersdelight/neoforge/biome_modifier/voidpepper_biome_modifier.json","voidpepper_biome_modifier.json"
"ends_delight-2.5.1+neoforge.1.21.1","data/ends_delight/neoforge/biome_modifier/add_chorus_succulent.json","add_chorus_succulent.json"
"everythingores-0.0.1","data/everythingores/neoforge/biome_modifier/bauxite_ore.json","bauxite_ore.json"
"everythingores-0.0.1","data/everythingores/neoforge/biome_modifier/bismuth_ore.json","bismuth_ore.json"
"everythingores-0.0.1","data/everythingores/neoforge/biome_modifier/chromite_ore.json","chromite_ore.json"
"everythingores-0.0.1","data/everythingores/neoforge/biome_modifier/fluorite_ore.json","fluorite_ore.json"
"everythingores-0.0.1","data/everythingores/neoforge/biome_modifier/iridium_ore.json","iridium_ore.json"
"everythingores-0.0.1","data/everythingores/neoforge/biome_modifier/lead_ore.json","lead_ore.json"
"everythingores-0.0.1","data/everythingores/neoforge/biome_modifier/monazite_ore.json","monazite_ore.json"
"everythingores-0.0.1","data/everythingores/neoforge/biome_modifier/nickel_ore.json","nickel_ore.json"
"everythingores-0.0.1","data/everythingores/neoforge/biome_modifier/osmium_ore.json","osmium_ore.json"
"everythingores-0.0.1","data/everythingores/neoforge/biome_modifier/platinum_ore.json","platinum_ore.json"
"everythingores-0.0.1","data/everythingores/neoforge/biome_modifier/salt_ore.json","salt_ore.json"
"everythingores-0.0.1","data/everythingores/neoforge/biome_modifier/saltpeter_ore.json","saltpeter_ore.json"
"everythingores-0.0.1","data/everythingores/neoforge/biome_modifier/silver_ore.json","silver_ore.json"
"everythingores-0.0.1","data/everythingores/neoforge/biome_modifier/sulfur_ore.json","sulfur_ore.json"
"everythingores-0.0.1","data/everythingores/neoforge/biome_modifier/tin_ore.json","tin_ore.json"
"everythingores-0.0.1","data/everythingores/neoforge/biome_modifier/tungsten_ore.json","tungsten_ore.json"
"everythingores-0.0.1","data/everythingores/neoforge/biome_modifier/uranium_ore.json","uranium_ore.json"
"everythingores-0.0.1","data/everythingores/neoforge/biome_modifier/zinc_ore.json","zinc_ore.json"
"evilcraft-1.21.1-neoforge-1.2.87","data/evilcraft/neoforge/biome_modifier/add_feature_dark_ore.json","add_feature_dark_ore.json"
"evilcraft-1.21.1-neoforge-1.2.87","data/evilcraft/neoforge/biome_modifier/add_feature_evil_dungeon.json","add_feature_evil_dungeon.json"
"evilcraft-1.21.1-neoforge-1.2.87","data/evilcraft/neoforge/biome_modifier/add_feature_infested_nether.json","add_feature_infested_nether.json"
"evilcraft-1.21.1-neoforge-1.2.87","data/evilcraft/neoforge/biome_modifier/add_spawn_poisonous_libelle.json","add_spawn_poisonous_libelle.json"
"evilcraft-1.21.1-neoforge-1.2.87","data/evilcraft/neoforge/biome_modifier/add_feature_extra_silverfish.json","add_feature_extra_silverfish.json"
"expandeddelight-0.1.4","data/expandeddelight/neoforge/biome_modifier/cinnamon_tree.json","cinnamon_tree.json"
"expandeddelight-0.1.4","data/expandeddelight/neoforge/biome_modifier/cranberries.json","cranberries.json"
"expandeddelight-0.1.4","data/expandeddelight/neoforge/biome_modifier/salt_ore.json","salt_ore.json"
"expandeddelight-0.1.4","data/expandeddelight/neoforge/biome_modifier/wild_asparagus.json","wild_asparagus.json"
"expandeddelight-0.1.4","data/expandeddelight/neoforge/biome_modifier/wild_chili_pepper.json","wild_chili_pepper.json"
"expandeddelight-0.1.4","data/expandeddelight/neoforge/biome_modifier/wild_peanuts.json","wild_peanuts.json"
"expandeddelight-0.1.4","data/expandeddelight/neoforge/biome_modifier/wild_sweet_potato.json","wild_sweet_potato.json"
"ExtremeReactors2-1.21.1-2.4.9","data/bigreactors/neoforge/biome_modifier/anglesite.json","anglesite.json"
"ExtremeReactors2-1.21.1-2.4.9","data/bigreactors/neoforge/biome_modifier/benitoite.json","benitoite.json"
"ExtremeReactors2-1.21.1-2.4.9","data/bigreactors/neoforge/biome_modifier/yellorite.json","yellorite.json"
"ExtremeReactors2-1.21.1-2.4.9","data/bigreactors/neoforge/biome_modifier/yellorite_deepslate.json","yellorite_deepslate.json"
"FarmersDelight-1.21.1-1.3.2","data/farmersdelight/neoforge/biome_modifier/brown_mushroom_colony.json","brown_mushroom_colony.json"
"FarmersDelight-1.21.1-1.3.2","data/farmersdelight/neoforge/biome_modifier/red_mushroom_colony.json","red_mushroom_colony.json"
"FarmersDelight-1.21.1-1.3.2","data/farmersdelight/neoforge/biome_modifier/wild_beetroots.json","wild_beetroots.json"
"FarmersDelight-1.21.1-1.3.2","data/farmersdelight/neoforge/biome_modifier/wild_cabbages.json","wild_cabbages.json"
"FarmersDelight-1.21.1-1.3.2","data/farmersdelight/neoforge/biome_modifier/wild_carrots.json","wild_carrots.json"
"FarmersDelight-1.21.1-1.3.2","data/farmersdelight/neoforge/biome_modifier/wild_onions.json","wild_onions.json"
"FarmersDelight-1.21.1-1.3.2","data/farmersdelight/neoforge/biome_modifier/wild_potatoes.json","wild_potatoes.json"
"FarmersDelight-1.21.1-1.3.2","data/farmersdelight/neoforge/biome_modifier/wild_rice.json","wild_rice.json"
"FarmersDelight-1.21.1-1.3.2","data/farmersdelight/neoforge/biome_modifier/wild_tomatoes.json","wild_tomatoes.json"
"forbidden_arcanus-2.6.1","data/forbidden_arcanus/neoforge/biome_modifier/add_arcane_crystal_ore.json","add_arcane_crystal_ore.json"
"forbidden_arcanus-2.6.1","data/forbidden_arcanus/neoforge/biome_modifier/add_aurum_trees.json","add_aurum_trees.json"
"forbidden_arcanus-2.6.1","data/forbidden_arcanus/neoforge/biome_modifier/add_darkstone.json","add_darkstone.json"
"forbidden_arcanus-2.6.1","data/forbidden_arcanus/neoforge/biome_modifier/add_lost_soul_overworld.json","add_lost_soul_overworld.json"
"forbidden_arcanus-2.6.1","data/forbidden_arcanus/neoforge/biome_modifier/add_runic_stone.json","add_runic_stone.json"
"forbidden_arcanus-2.6.1","data/forbidden_arcanus/neoforge/biome_modifier/add_stella_arcanum.json","add_stella_arcanum.json"
"forbidden_arcanus-2.6.1","data/forbidden_arcanus/neoforge/biome_modifier/add_yellow_orchids.json","add_yellow_orchids.json"
"garnished-april-foods-26-neoforged","data/garnished/neoforge/biome_modifier/has_aureate_shrub.json","has_aureate_shrub.json"
"garnished-april-foods-26-neoforged","data/garnished/neoforge/biome_modifier/has_barren_roots.json","has_barren_roots.json"
"garnished-april-foods-26-neoforged","data/garnished/neoforge/biome_modifier/has_chorus_plant.json","has_chorus_plant.json"
"garnished-april-foods-26-neoforged","data/garnished/neoforge/biome_modifier/has_dulse_kelp.json","has_dulse_kelp.json"
"garnished-april-foods-26-neoforged","data/garnished/neoforge/biome_modifier/has_incandescent_lily.json","has_incandescent_lily.json"
"garnished-april-foods-26-neoforged","data/garnished/neoforge/biome_modifier/has_nut_tree.json","has_nut_tree.json"
"garnished-april-foods-26-neoforged","data/garnished/neoforge/biome_modifier/has_pansophical_daisy.json","has_pansophical_daisy.json"
"garnished-april-foods-26-neoforged","data/garnished/neoforge/biome_modifier/has_remnant_structure.json","has_remnant_structure.json"
"garnished-april-foods-26-neoforged","data/garnished/neoforge/biome_modifier/has_sepia_fungus.json","has_sepia_fungus.json"
"garnished-april-foods-26-neoforged","data/garnished/neoforge/biome_modifier/has_sepia_tree.json","has_sepia_tree.json"
"garnished-april-foods-26-neoforged","data/garnished/neoforge/biome_modifier/has_sorrowful_lichen.json","has_sorrowful_lichen.json"
"garnished-april-foods-26-neoforged","data/garnished/neoforge/biome_modifier/has_sorrowful_lichen_basalt_deltas.json","has_sorrowful_lichen_basalt_deltas.json"
"garnished-april-foods-26-neoforged","data/garnished/neoforge/biome_modifier/has_soul_roots.json","has_soul_roots.json"
"garnished-april-foods-26-neoforged","data/garnished/neoforge/biome_modifier/has_vermilion_kelp.json","has_vermilion_kelp.json"
"garnished-april-foods-26-neoforged","data/garnished/neoforge/biome_modifier/has_voltaic_seagrass.json","has_voltaic_seagrass.json"
"ImmersiveEngineering-1.21.1-12.4.2-194","data/immersiveengineering/neoforge/biome_modifier/bauxite.json","bauxite.json"
"ImmersiveEngineering-1.21.1-12.4.2-194","data/immersiveengineering/neoforge/biome_modifier/deep_nickel.json","deep_nickel.json"
"ImmersiveEngineering-1.21.1-12.4.2-194","data/immersiveengineering/neoforge/biome_modifier/lead.json","lead.json"
"ImmersiveEngineering-1.21.1-12.4.2-194","data/immersiveengineering/neoforge/biome_modifier/mineral_veins.json","mineral_veins.json"
"ImmersiveEngineering-1.21.1-12.4.2-194","data/immersiveengineering/neoforge/biome_modifier/nickel.json","nickel.json"
"ImmersiveEngineering-1.21.1-12.4.2-194","data/immersiveengineering/neoforge/biome_modifier/silver.json","silver.json"
"ImmersiveEngineering-1.21.1-12.4.2-194","data/immersiveengineering/neoforge/biome_modifier/uranium.json","uranium.json"
"integrateddynamics-1.21.1-neoforge-1.33.0-1832","data/integrateddynamics/neoforge/biome_modifier/add_feature_menril_overworld.json","add_feature_menril_overworld.json"
"irons_spellbooks-1.21.1-3.15.6","data/irons_spellbooks/neoforge/biome_modifier/add_mithril_ore.json","add_mithril_ore.json"
"irons_spellbooks-1.21.1-3.15.6","data/irons_spellbooks/neoforge/biome_modifier/necromancer_spawns.json","necromancer_spawns.json"
"letsdo-brewery-neoforge-2.1.9","data/brewery/neoforge/biome_modifier/add_wild_hops.json","add_wild_hops.json"
"letsdo-candlelight-neoforge-2.1.12","data/candlelight/neoforge/biome_modifier/add_rose.json","add_rose.json"
"letsdo-farm_and_charm-neoforge-1.1.22","data/farm_and_charm/neoforge/biome_modifier/add_wild_barley.json","add_wild_barley.json"
"letsdo-farm_and_charm-neoforge-1.1.22","data/farm_and_charm/neoforge/biome_modifier/add_wild_beetroots.json","add_wild_beetroots.json"
"letsdo-farm_and_charm-neoforge-1.1.22","data/farm_and_charm/neoforge/biome_modifier/add_wild_carrots.json","add_wild_carrots.json"
"letsdo-farm_and_charm-neoforge-1.1.22","data/farm_and_charm/neoforge/biome_modifier/add_wild_corn.json","add_wild_corn.json"
"letsdo-farm_and_charm-neoforge-1.1.22","data/farm_and_charm/neoforge/biome_modifier/add_wild_emmer.json","add_wild_emmer.json"
"letsdo-farm_and_charm-neoforge-1.1.22","data/farm_and_charm/neoforge/biome_modifier/add_wild_lettuce.json","add_wild_lettuce.json"
"letsdo-farm_and_charm-neoforge-1.1.22","data/farm_and_charm/neoforge/biome_modifier/add_wild_nettle.json","add_wild_nettle.json"
"letsdo-farm_and_charm-neoforge-1.1.22","data/farm_and_charm/neoforge/biome_modifier/add_wild_oat.json","add_wild_oat.json"
"letsdo-farm_and_charm-neoforge-1.1.22","data/farm_and_charm/neoforge/biome_modifier/add_wild_onions.json","add_wild_onions.json"
"letsdo-farm_and_charm-neoforge-1.1.22","data/farm_and_charm/neoforge/biome_modifier/add_wild_potatoes.json","add_wild_potatoes.json"
"letsdo-farm_and_charm-neoforge-1.1.22","data/farm_and_charm/neoforge/biome_modifier/add_wild_ribwort.json","add_wild_ribwort.json"
"letsdo-farm_and_charm-neoforge-1.1.22","data/farm_and_charm/neoforge/biome_modifier/add_wild_strawberry.json","add_wild_strawberry.json"
"letsdo-farm_and_charm-neoforge-1.1.22","data/farm_and_charm/neoforge/biome_modifier/add_wild_tomatoes.json","add_wild_tomatoes.json"
"letsdo-herbalbrews-neoforge-1.1.3","data/herbalbrews/neoforge/biome_modifier/add_coffee_patch.json","add_coffee_patch.json"
"letsdo-herbalbrews-neoforge-1.1.3","data/herbalbrews/neoforge/biome_modifier/add_hibiscus_patch.json","add_hibiscus_patch.json"
"letsdo-herbalbrews-neoforge-1.1.3","data/herbalbrews/neoforge/biome_modifier/add_lavender_patch.json","add_lavender_patch.json"
"letsdo-herbalbrews-neoforge-1.1.3","data/herbalbrews/neoforge/biome_modifier/add_rooibos_patch.json","add_rooibos_patch.json"
"letsdo-herbalbrews-neoforge-1.1.3","data/herbalbrews/neoforge/biome_modifier/add_yerba_mate_patch.json","add_yerba_mate_patch.json"
"letsdo-vinery-neoforge-1.5.3","data/vinery/neoforge/biome_modifier/add_apple_tree.json","add_apple_tree.json"
"letsdo-vinery-neoforge-1.5.3","data/vinery/neoforge/biome_modifier/add_cherry_tree.json","add_cherry_tree.json"
"letsdo-vinery-neoforge-1.5.3","data/vinery/neoforge/biome_modifier/add_jungle_red_grape.json","add_jungle_red_grape.json"
"letsdo-vinery-neoforge-1.5.3","data/vinery/neoforge/biome_modifier/add_jungle_white_grape.json","add_jungle_white_grape.json"
"letsdo-vinery-neoforge-1.5.3","data/vinery/neoforge/biome_modifier/add_red_grape.json","add_red_grape.json"
"letsdo-vinery-neoforge-1.5.3","data/vinery/neoforge/biome_modifier/add_savanna_red_grape.json","add_savanna_red_grape.json"
"letsdo-vinery-neoforge-1.5.3","data/vinery/neoforge/biome_modifier/add_savanna_white_grape.json","add_savanna_white_grape.json"
"letsdo-vinery-neoforge-1.5.3","data/vinery/neoforge/biome_modifier/add_taiga_red_grape.json","add_taiga_red_grape.json"
"letsdo-vinery-neoforge-1.5.3","data/vinery/neoforge/biome_modifier/add_taiga_white_grape.json","add_taiga_white_grape.json"
"letsdo-vinery-neoforge-1.5.3","data/vinery/neoforge/biome_modifier/add_white_grape.json","add_white_grape.json"
"livingthings-neoforge-1.21.1-2.3.0","data/livingthings/neoforge/biome_modifier/add_entity_spawns.json","add_entity_spawns.json"
"L_Ender's Cataclysm 1.21.1-3.27","data/cataclysm/neoforge/biome_modifier/cataclysm_mob_spawns.json","cataclysm_mob_spawns.json"
"Mekanism-1.21.1-10.7.19.85","data/mekanism/neoforge/biome_modifier/fluorite.json","fluorite.json"
"Mekanism-1.21.1-10.7.19.85","data/mekanism/neoforge/biome_modifier/lead.json","lead.json"
"Mekanism-1.21.1-10.7.19.85","data/mekanism/neoforge/biome_modifier/osmium.json","osmium.json"
"Mekanism-1.21.1-10.7.19.85","data/mekanism/neoforge/biome_modifier/salt.json","salt.json"
"Mekanism-1.21.1-10.7.19.85","data/mekanism/neoforge/biome_modifier/tin.json","tin.json"
"Mekanism-1.21.1-10.7.19.85","data/mekanism/neoforge/biome_modifier/uranium.json","uranium.json"
"MekanismAdditions-1.21.1-10.7.19.85","data/mekanismadditions/neoforge/biome_modifier/bogged.json","bogged.json"
"MekanismAdditions-1.21.1-10.7.19.85","data/mekanismadditions/neoforge/biome_modifier/creeper.json","creeper.json"
"MekanismAdditions-1.21.1-10.7.19.85","data/mekanismadditions/neoforge/biome_modifier/enderman.json","enderman.json"
"MekanismAdditions-1.21.1-10.7.19.85","data/mekanismadditions/neoforge/biome_modifier/skeleton.json","skeleton.json"
"MekanismAdditions-1.21.1-10.7.19.85","data/mekanismadditions/neoforge/biome_modifier/stray.json","stray.json"
"MekanismAdditions-1.21.1-10.7.19.85","data/mekanismadditions/neoforge/biome_modifier/wither_skeleton.json","wither_skeleton.json"
"Modern-Industrialization-2.4.3","data/modern_industrialization/neoforge/biome_modifier/deepslate_ore_generator_antimony.json","deepslate_ore_generator_antimony.json"
"Modern-Industrialization-2.4.3","data/modern_industrialization/neoforge/biome_modifier/deepslate_ore_generator_bauxite.json","deepslate_ore_generator_bauxite.json"
"Modern-Industrialization-2.4.3","data/modern_industrialization/neoforge/biome_modifier/deepslate_ore_generator_lead.json","deepslate_ore_generator_lead.json"
"Modern-Industrialization-2.4.3","data/modern_industrialization/neoforge/biome_modifier/deepslate_ore_generator_lignite_coal.json","deepslate_ore_generator_lignite_coal.json"
"Modern-Industrialization-2.4.3","data/modern_industrialization/neoforge/biome_modifier/deepslate_ore_generator_monazite.json","deepslate_ore_generator_monazite.json"
"Modern-Industrialization-2.4.3","data/modern_industrialization/neoforge/biome_modifier/deepslate_ore_generator_nickel.json","deepslate_ore_generator_nickel.json"
"Modern-Industrialization-2.4.3","data/modern_industrialization/neoforge/biome_modifier/deepslate_ore_generator_salt.json","deepslate_ore_generator_salt.json"
"Modern-Industrialization-2.4.3","data/modern_industrialization/neoforge/biome_modifier/deepslate_ore_generator_tin.json","deepslate_ore_generator_tin.json"
"Modern-Industrialization-2.4.3","data/modern_industrialization/neoforge/biome_modifier/deepslate_ore_generator_tungsten.json","deepslate_ore_generator_tungsten.json"
"Modern-Industrialization-2.4.3","data/modern_industrialization/neoforge/biome_modifier/deepslate_ore_generator_uranium.json","deepslate_ore_generator_uranium.json"
"Modern-Industrialization-2.4.3","data/modern_industrialization/neoforge/biome_modifier/ore_generator_antimony.json","ore_generator_antimony.json"
"Modern-Industrialization-2.4.3","data/modern_industrialization/neoforge/biome_modifier/ore_generator_bauxite.json","ore_generator_bauxite.json"
"Modern-Industrialization-2.4.3","data/modern_industrialization/neoforge/biome_modifier/ore_generator_lead.json","ore_generator_lead.json"
"Modern-Industrialization-2.4.3","data/modern_industrialization/neoforge/biome_modifier/ore_generator_lignite_coal.json","ore_generator_lignite_coal.json"
"Modern-Industrialization-2.4.3","data/modern_industrialization/neoforge/biome_modifier/ore_generator_monazite.json","ore_generator_monazite.json"
"Modern-Industrialization-2.4.3","data/modern_industrialization/neoforge/biome_modifier/ore_generator_nickel.json","ore_generator_nickel.json"
"Modern-Industrialization-2.4.3","data/modern_industrialization/neoforge/biome_modifier/ore_generator_salt.json","ore_generator_salt.json"
"Modern-Industrialization-2.4.3","data/modern_industrialization/neoforge/biome_modifier/ore_generator_tin.json","ore_generator_tin.json"
"Modern-Industrialization-2.4.3","data/modern_industrialization/neoforge/biome_modifier/ore_generator_tungsten.json","ore_generator_tungsten.json"
"Modern-Industrialization-2.4.3","data/modern_industrialization/neoforge/biome_modifier/ore_generator_uranium.json","ore_generator_uranium.json"
"MyNethersDelight-1.21.1-1.10.2","data/mynethersdelight/neoforge/biome_modifier/patch_powdery_cane.json","patch_powdery_cane.json"
"MysticalAgradditions-1.21.1-8.0.13","data/mysticalagradditions/neoforge/biome_modifier/end_inferium_ore.json","end_inferium_ore.json"
"MysticalAgradditions-1.21.1-8.0.13","data/mysticalagradditions/neoforge/biome_modifier/end_prosperity_ore.json","end_prosperity_ore.json"
"MysticalAgradditions-1.21.1-8.0.13","data/mysticalagradditions/neoforge/biome_modifier/nether_inferium_ore.json","nether_inferium_ore.json"
"MysticalAgradditions-1.21.1-8.0.13","data/mysticalagradditions/neoforge/biome_modifier/nether_prosperity_ore.json","nether_prosperity_ore.json"
"MysticalAgriculture-1.21.1-8.0.26","data/mysticalagriculture/neoforge/biome_modifier/inferium_ore.json","inferium_ore.json"
"MysticalAgriculture-1.21.1-8.0.26","data/mysticalagriculture/neoforge/biome_modifier/prosperity_ore.json","prosperity_ore.json"
"MysticalAgriculture-1.21.1-8.0.26","data/mysticalagriculture/neoforge/biome_modifier/soulstone.json","soulstone.json"
"NaturesAura-41.9","data/naturesaura/neoforge/biome_modifier/warped_aura_mushroom.json","warped_aura_mushroom.json"
"NaturesAura-41.9","data/naturesaura/neoforge/biome_modifier/aura_mushroom.json","aura_mushroom.json"
"NaturesAura-41.9","data/naturesaura/neoforge/biome_modifier/aura_bloom.json","aura_bloom.json"
"NaturesAura-41.9","data/naturesaura/neoforge/biome_modifier/aura_cactus.json","aura_cactus.json"
"NaturesAura-41.9","data/naturesaura/neoforge/biome_modifier/crimson_aura_mushroom.json","crimson_aura_mushroom.json"
"ned-1.2.0-neoforge-1.21.1","data/ned/neoforge/biome_modifier/archelon_biome_modifier.json","archelon_biome_modifier.json"
"ned-1.2.0-neoforge-1.21.1","data/ned/neoforge/biome_modifier/cooksonia_biome_modifier.json","cooksonia_biome_modifier.json"
"ned-1.2.0-neoforge-1.21.1","data/ned/neoforge/biome_modifier/deepslate_fossil_ore_biome_modifier.json","deepslate_fossil_ore_biome_modifier.json"
"ned-1.2.0-neoforge-1.21.1","data/ned/neoforge/biome_modifier/dilophosaurus_biome_modifier.json","dilophosaurus_biome_modifier.json"
"ned-1.2.0-neoforge-1.21.1","data/ned/neoforge/biome_modifier/dimetrodon_biome_modifier.json","dimetrodon_biome_modifier.json"
"ned-1.2.0-neoforge-1.21.1","data/ned/neoforge/biome_modifier/edmontonia_biome_modifier.json","edmontonia_biome_modifier.json"
"ned-1.2.0-neoforge-1.21.1","data/ned/neoforge/biome_modifier/fossil_ore_biome_modifier.json","fossil_ore_biome_modifier.json"
"ned-1.2.0-neoforge-1.21.1","data/ned/neoforge/biome_modifier/guanlong_biome_modifier.json","guanlong_biome_modifier.json"
"ned-1.2.0-neoforge-1.21.1","data/ned/neoforge/biome_modifier/hagfish_biome_modifier.json","hagfish_biome_modifier.json"
"ned-1.2.0-neoforge-1.21.1","data/ned/neoforge/biome_modifier/irritator_biome_modifier.json","irritator_biome_modifier.json"
"ned-1.2.0-neoforge-1.21.1","data/ned/neoforge/biome_modifier/nigersaurus_biome_modifier.json","nigersaurus_biome_modifier.json"
"ned-1.2.0-neoforge-1.21.1","data/ned/neoforge/biome_modifier/oviraptor_biome_modifier.json","oviraptor_biome_modifier.json"
"ned-1.2.0-neoforge-1.21.1","data/ned/neoforge/biome_modifier/shastasaurus_biome_modifier.json","shastasaurus_biome_modifier.json"
"ned-1.2.0-neoforge-1.21.1","data/ned/neoforge/biome_modifier/shunosaurus_biome_modifier.json","shunosaurus_biome_modifier.json"
"ned-1.2.0-neoforge-1.21.1","data/ned/neoforge/biome_modifier/smuggler_biome_modifier.json","smuggler_biome_modifier.json"
"ned-1.2.0-neoforge-1.21.1","data/ned/neoforge/biome_modifier/spinosaurus_biome_modifier.json","spinosaurus_biome_modifier.json"
"ned-1.2.0-neoforge-1.21.1","data/ned/neoforge/biome_modifier/tapejara_biome_modifier.json","tapejara_biome_modifier.json"
"ned-1.2.0-neoforge-1.21.1","data/ned/neoforge/biome_modifier/titanoboa_biome_modifier.json","titanoboa_biome_modifier.json"
"ned-1.2.0-neoforge-1.21.1","data/ned/neoforge/biome_modifier/trilobite_biome_modifier.json","trilobite_biome_modifier.json"
"ned-1.2.0-neoforge-1.21.1","data/ned/neoforge/biome_modifier/zosterophyllum_biome_modifier.json","zosterophyllum_biome_modifier.json"
"occultism-1.21.1-neoforge-1.215.0","data/occultism/neoforge/biome_modifier/add_ore_silver.json","add_ore_silver.json"
"occultism-1.21.1-neoforge-1.215.0","data/occultism/neoforge/biome_modifier/add_ore_iesnium.json","add_ore_iesnium.json"
"occultism-1.21.1-neoforge-1.215.0","data/occultism/neoforge/biome_modifier/add_tree_otherworld_natural.json","add_tree_otherworld_natural.json"
"occultism-1.21.1-neoforge-1.215.0","data/occultism/neoforge/biome_modifier/add_grove_underground.json","add_grove_underground.json"
"occultism-1.21.1-neoforge-1.215.0","data/occultism/neoforge/biome_modifier/add_tree_otherworld.json","add_tree_otherworld.json"
"occultism-1.21.1-neoforge-1.215.0","data/occultism/neoforge/biome_modifier/add_ore_silver_deepslate.json","add_ore_silver_deepslate.json"
"Oh-The-Biomes-Weve-Gone-NeoForge-2.5.5","data/biomeswevegone/neoforge/biome_modifier/vanilla/beach/palm_trees.json","palm_trees.json"
"Oh-The-Biomes-Weve-Gone-NeoForge-2.5.5","data/biomeswevegone/neoforge/biome_modifier/vanilla/flower_default.json","flower_default.json"
"Oh-The-Biomes-Weve-Gone-NeoForge-2.5.5","data/biomeswevegone/neoforge/biome_modifier/vanilla/flower_plains.json","flower_plains.json"
"Oh-The-Biomes-Weve-Gone-NeoForge-2.5.5","data/biomeswevegone/neoforge/biome_modifier/vanilla/flower_warm.json","flower_warm.json"
"Oh-The-Biomes-Weve-Gone-NeoForge-2.5.5","data/biomeswevegone/neoforge/biome_modifier/vanilla/forest_flowers.json","forest_flowers.json"
"oritech-neoforge-1.21.1-1.2.6","data/oritech/neoforge/biome_modifier/oil_spring.json","oil_spring.json"
"oritech-neoforge-1.21.1-1.2.6","data/oritech/neoforge/biome_modifier/oil_spring_desert.json","oil_spring_desert.json"
"oritech-neoforge-1.21.1-1.2.6","data/oritech/neoforge/biome_modifier/ore_nickel.json","ore_nickel.json"
"oritech-neoforge-1.21.1-1.2.6","data/oritech/neoforge/biome_modifier/ore_platinum.json","ore_platinum.json"
"oritech-neoforge-1.21.1-1.2.6","data/oritech/neoforge/biome_modifier/ore_platinum_end.json","ore_platinum_end.json"
"oritech-neoforge-1.21.1-1.2.6","data/oritech/neoforge/biome_modifier/resource_node_common.json","resource_node_common.json"
"oritech-neoforge-1.21.1-1.2.6","data/oritech/neoforge/biome_modifier/resource_node_other.json","resource_node_other.json"
"oritech-neoforge-1.21.1-1.2.6","data/oritech/neoforge/biome_modifier/resource_node_rare.json","resource_node_rare.json"
"oritech-neoforge-1.21.1-1.2.6","data/oritech/neoforge/biome_modifier/uranium_patch.json","uranium_patch.json"
"pamhc2crops-NEOFORGE-1.21.1-1.0.0","data/pamhc2crops/neoforge/biome_modifier/arid_garden_placed.json","arid_garden_placed.json"
"pamhc2crops-NEOFORGE-1.21.1-1.0.0","data/pamhc2crops/neoforge/biome_modifier/frost_garden_placed.json","frost_garden_placed.json"
"pamhc2crops-NEOFORGE-1.21.1-1.0.0","data/pamhc2crops/neoforge/biome_modifier/shaded_garden_placed.json","shaded_garden_placed.json"
"pamhc2crops-NEOFORGE-1.21.1-1.0.0","data/pamhc2crops/neoforge/biome_modifier/soggy_garden_placed.json","soggy_garden_placed.json"
"pamhc2crops-NEOFORGE-1.21.1-1.0.0","data/pamhc2crops/neoforge/biome_modifier/tropical_garden_placed_jungle.json","tropical_garden_placed_jungle.json"
"pamhc2crops-NEOFORGE-1.21.1-1.0.0","data/pamhc2crops/neoforge/biome_modifier/tropical_garden_placed_ocean.json","tropical_garden_placed_ocean.json"
"pamhc2crops-NEOFORGE-1.21.1-1.0.0","data/pamhc2crops/neoforge/biome_modifier/windy_garden_placed_plains.json","windy_garden_placed_plains.json"
"pamhc2crops-NEOFORGE-1.21.1-1.0.0","data/pamhc2crops/neoforge/biome_modifier/windy_garden_placed_savanna.json","windy_garden_placed_savanna.json"
"pamhc2trees-NEOFORGE-1.21.1-1.0.4","data/pamhc2trees/neoforge/biome_modifier/acorn_placed.json","acorn_placed.json"
"pamhc2trees-NEOFORGE-1.21.1-1.0.4","data/pamhc2trees/neoforge/biome_modifier/almond_placed.json","almond_placed.json"
"pamhc2trees-NEOFORGE-1.21.1-1.0.4","data/pamhc2trees/neoforge/biome_modifier/apple_placed.json","apple_placed.json"
"pamhc2trees-NEOFORGE-1.21.1-1.0.4","data/pamhc2trees/neoforge/biome_modifier/apricot_placed.json","apricot_placed.json"
"pamhc2trees-NEOFORGE-1.21.1-1.0.4","data/pamhc2trees/neoforge/biome_modifier/avocado_placed.json","avocado_placed.json"
"pamhc2trees-NEOFORGE-1.21.1-1.0.4","data/pamhc2trees/neoforge/biome_modifier/banana_placed.json","banana_placed.json"
"pamhc2trees-NEOFORGE-1.21.1-1.0.4","data/pamhc2trees/neoforge/biome_modifier/breadfruit_placed.json","breadfruit_placed.json"
"pamhc2trees-NEOFORGE-1.21.1-1.0.4","data/pamhc2trees/neoforge/biome_modifier/candlenut_placed.json","candlenut_placed.json"
"pamhc2trees-NEOFORGE-1.21.1-1.0.4","data/pamhc2trees/neoforge/biome_modifier/cashew_placed.json","cashew_placed.json"
"pamhc2trees-NEOFORGE-1.21.1-1.0.4","data/pamhc2trees/neoforge/biome_modifier/cherry_placed.json","cherry_placed.json"
"pamhc2trees-NEOFORGE-1.21.1-1.0.4","data/pamhc2trees/neoforge/biome_modifier/chestnut_placed.json","chestnut_placed.json"
"pamhc2trees-NEOFORGE-1.21.1-1.0.4","data/pamhc2trees/neoforge/biome_modifier/cinnamon_placed.json","cinnamon_placed.json"
"pamhc2trees-NEOFORGE-1.21.1-1.0.4","data/pamhc2trees/neoforge/biome_modifier/coconut_placed.json","coconut_placed.json"
"pamhc2trees-NEOFORGE-1.21.1-1.0.4","data/pamhc2trees/neoforge/biome_modifier/date_placed.json","date_placed.json"
"pamhc2trees-NEOFORGE-1.21.1-1.0.4","data/pamhc2trees/neoforge/biome_modifier/dragonfruit_placed.json","dragonfruit_placed.json"
"pamhc2trees-NEOFORGE-1.21.1-1.0.4","data/pamhc2trees/neoforge/biome_modifier/durian_placed.json","durian_placed.json"
"pamhc2trees-NEOFORGE-1.21.1-1.0.4","data/pamhc2trees/neoforge/biome_modifier/fig_placed.json","fig_placed.json"
"pamhc2trees-NEOFORGE-1.21.1-1.0.4","data/pamhc2trees/neoforge/biome_modifier/gooseberry_placed.json","gooseberry_placed.json"
"pamhc2trees-NEOFORGE-1.21.1-1.0.4","data/pamhc2trees/neoforge/biome_modifier/grapefruit_placed.json","grapefruit_placed.json"
"pamhc2trees-NEOFORGE-1.21.1-1.0.4","data/pamhc2trees/neoforge/biome_modifier/guava_placed.json","guava_placed.json"
"pamhc2trees-NEOFORGE-1.21.1-1.0.4","data/pamhc2trees/neoforge/biome_modifier/hazelnut_placed.json","hazelnut_placed.json"
"pamhc2trees-NEOFORGE-1.21.1-1.0.4","data/pamhc2trees/neoforge/biome_modifier/jackfruit_placed.json","jackfruit_placed.json"
"pamhc2trees-NEOFORGE-1.21.1-1.0.4","data/pamhc2trees/neoforge/biome_modifier/lemon_placed.json","lemon_placed.json"
"pamhc2trees-NEOFORGE-1.21.1-1.0.4","data/pamhc2trees/neoforge/biome_modifier/lime_placed.json","lime_placed.json"
"pamhc2trees-NEOFORGE-1.21.1-1.0.4","data/pamhc2trees/neoforge/biome_modifier/lychee_placed.json","lychee_placed.json"
"pamhc2trees-NEOFORGE-1.21.1-1.0.4","data/pamhc2trees/neoforge/biome_modifier/mango_placed.json","mango_placed.json"
"pamhc2trees-NEOFORGE-1.21.1-1.0.4","data/pamhc2trees/neoforge/biome_modifier/maple_placed.json","maple_placed.json"
"pamhc2trees-NEOFORGE-1.21.1-1.0.4","data/pamhc2trees/neoforge/biome_modifier/nutmeg_placed.json","nutmeg_placed.json"
"pamhc2trees-NEOFORGE-1.21.1-1.0.4","data/pamhc2trees/neoforge/biome_modifier/olive_placed.json","olive_placed.json"
"pamhc2trees-NEOFORGE-1.21.1-1.0.4","data/pamhc2trees/neoforge/biome_modifier/orange_placed.json","orange_placed.json"
"pamhc2trees-NEOFORGE-1.21.1-1.0.4","data/pamhc2trees/neoforge/biome_modifier/papaya_placed.json","papaya_placed.json"
"pamhc2trees-NEOFORGE-1.21.1-1.0.4","data/pamhc2trees/neoforge/biome_modifier/paperbark_placed.json","paperbark_placed.json"
"pamhc2trees-NEOFORGE-1.21.1-1.0.4","data/pamhc2trees/neoforge/biome_modifier/passionfruit_placed.json","passionfruit_placed.json"
"pamhc2trees-NEOFORGE-1.21.1-1.0.4","data/pamhc2trees/neoforge/biome_modifier/pawpaw_placed.json","pawpaw_placed.json"
"pamhc2trees-NEOFORGE-1.21.1-1.0.4","data/pamhc2trees/neoforge/biome_modifier/peach_placed.json","peach_placed.json"
"pamhc2trees-NEOFORGE-1.21.1-1.0.4","data/pamhc2trees/neoforge/biome_modifier/pear_placed.json","pear_placed.json"
"pamhc2trees-NEOFORGE-1.21.1-1.0.4","data/pamhc2trees/neoforge/biome_modifier/pecan_placed.json","pecan_placed.json"
"pamhc2trees-NEOFORGE-1.21.1-1.0.4","data/pamhc2trees/neoforge/biome_modifier/peppercorn_placed.json","peppercorn_placed.json"
"pamhc2trees-NEOFORGE-1.21.1-1.0.4","data/pamhc2trees/neoforge/biome_modifier/persimmon_placed.json","persimmon_placed.json"
"pamhc2trees-NEOFORGE-1.21.1-1.0.4","data/pamhc2trees/neoforge/biome_modifier/pinenut_placed.json","pinenut_placed.json"
"pamhc2trees-NEOFORGE-1.21.1-1.0.4","data/pamhc2trees/neoforge/biome_modifier/pistachio_placed.json","pistachio_placed.json"
"pamhc2trees-NEOFORGE-1.21.1-1.0.4","data/pamhc2trees/neoforge/biome_modifier/plum_placed.json","plum_placed.json"
"pamhc2trees-NEOFORGE-1.21.1-1.0.4","data/pamhc2trees/neoforge/biome_modifier/pomegranate_placed.json","pomegranate_placed.json"
"pamhc2trees-NEOFORGE-1.21.1-1.0.4","data/pamhc2trees/neoforge/biome_modifier/rambutan_placed.json","rambutan_placed.json"
"pamhc2trees-NEOFORGE-1.21.1-1.0.4","data/pamhc2trees/neoforge/biome_modifier/soursop_placed.json","soursop_placed.json"
"pamhc2trees-NEOFORGE-1.21.1-1.0.4","data/pamhc2trees/neoforge/biome_modifier/spiderweb_placed.json","spiderweb_placed.json"
"pamhc2trees-NEOFORGE-1.21.1-1.0.4","data/pamhc2trees/neoforge/biome_modifier/starfruit_placed.json","starfruit_placed.json"
"pamhc2trees-NEOFORGE-1.21.1-1.0.4","data/pamhc2trees/neoforge/biome_modifier/tamarind_placed.json","tamarind_placed.json"
"pamhc2trees-NEOFORGE-1.21.1-1.0.4","data/pamhc2trees/neoforge/biome_modifier/vanillabean_placed.json","vanillabean_placed.json"
"pamhc2trees-NEOFORGE-1.21.1-1.0.4","data/pamhc2trees/neoforge/biome_modifier/walnut_placed.json","walnut_placed.json"
"pneumaticcraft-repressurized-8.2.20+mc1.21.1","data/pneumaticcraft/neoforge/biome_modifier/oil_lake_surface.json","oil_lake_surface.json"
"pneumaticcraft-repressurized-8.2.20+mc1.21.1","data/pneumaticcraft/neoforge/biome_modifier/oil_lake_underground.json","oil_lake_underground.json"
"Powah-6.2.10","data/powah/neoforge/biome_modifier/uraninite_ore.json","uraninite_ore.json"
"Powah-6.2.10","data/powah/neoforge/biome_modifier/dry_ice.json","dry_ice.json"
"Powah-6.2.10","data/powah/neoforge/biome_modifier/uraninite_ore_dense.json","uraninite_ore_dense.json"
"Powah-6.2.10","data/powah/neoforge/biome_modifier/uraninite_ore_poor.json","uraninite_ore_poor.json"
"productivebees-1.21.1-13.13.0","data/productivebees/neoforge/biome_modifier/acacia_wood_nest.json","acacia_wood_nest.json"
"productivebees-1.21.1-13.13.0","data/productivebees/neoforge/biome_modifier/add_beebee_spawns.json","add_beebee_spawns.json"
"productivebees-1.21.1-13.13.0","data/productivebees/neoforge/biome_modifier/birch_wood_nest.json","birch_wood_nest.json"
"productivebees-1.21.1-13.13.0","data/productivebees/neoforge/biome_modifier/bumble_bee_nest.json","bumble_bee_nest.json"
"productivebees-1.21.1-13.13.0","data/productivebees/neoforge/biome_modifier/cherry_wood_nest.json","cherry_wood_nest.json"
"productivebees-1.21.1-13.13.0","data/productivebees/neoforge/biome_modifier/coarse_dirt_nest.json","coarse_dirt_nest.json"
"productivebees-1.21.1-13.13.0","data/productivebees/neoforge/biome_modifier/crimson_fungus_bees.json","crimson_fungus_bees.json"
"productivebees-1.21.1-13.13.0","data/productivebees/neoforge/biome_modifier/dark_oak_wood_nest.json","dark_oak_wood_nest.json"
"productivebees-1.21.1-13.13.0","data/productivebees/neoforge/biome_modifier/end_nest.json","end_nest.json"
"productivebees-1.21.1-13.13.0","data/productivebees/neoforge/biome_modifier/glowstone_nest.json","glowstone_nest.json"
"productivebees-1.21.1-13.13.0","data/productivebees/neoforge/biome_modifier/gravel_nest.json","gravel_nest.json"
"productivebees-1.21.1-13.13.0","data/productivebees/neoforge/biome_modifier/jungle_wood_nest.json","jungle_wood_nest.json"
"productivebees-1.21.1-13.13.0","data/productivebees/neoforge/biome_modifier/mangrove_wood_nest.json","mangrove_wood_nest.json"
"productivebees-1.21.1-13.13.0","data/productivebees/neoforge/biome_modifier/nether_fortress_nest.json","nether_fortress_nest.json"
"productivebees-1.21.1-13.13.0","data/productivebees/neoforge/biome_modifier/nether_quartz_nest.json","nether_quartz_nest.json"
"productivebees-1.21.1-13.13.0","data/productivebees/neoforge/biome_modifier/nether_quartz_nest_high.json","nether_quartz_nest_high.json"
"productivebees-1.21.1-13.13.0","data/productivebees/neoforge/biome_modifier/oak_wood_nest.json","oak_wood_nest.json"
"productivebees-1.21.1-13.13.0","data/productivebees/neoforge/biome_modifier/obsidian_pillar_nest.json","obsidian_pillar_nest.json"
"productivebees-1.21.1-13.13.0","data/productivebees/neoforge/biome_modifier/sand_nest.json","sand_nest.json"
"productivebees-1.21.1-13.13.0","data/productivebees/neoforge/biome_modifier/slimy_nest.json","slimy_nest.json"
"productivebees-1.21.1-13.13.0","data/productivebees/neoforge/biome_modifier/snow_nest.json","snow_nest.json"
"productivebees-1.21.1-13.13.0","data/productivebees/neoforge/biome_modifier/soul_sand_nest.json","soul_sand_nest.json"
"productivebees-1.21.1-13.13.0","data/productivebees/neoforge/biome_modifier/spruce_wood_nest.json","spruce_wood_nest.json"
"productivebees-1.21.1-13.13.0","data/productivebees/neoforge/biome_modifier/stone_nest.json","stone_nest.json"
"productivebees-1.21.1-13.13.0","data/productivebees/neoforge/biome_modifier/sugar_cane_nest.json","sugar_cane_nest.json"
"productivebees-1.21.1-13.13.0","data/productivebees/neoforge/biome_modifier/warped_fungus_bees.json","warped_fungus_bees.json"
"railcraft-reborn-1.21.1-1.2.10","data/railcraft/neoforge/biome_modifier/add_firestone.json","add_firestone.json"
"railcraft-reborn-1.21.1-1.2.10","data/railcraft/neoforge/biome_modifier/add_lead_ore.json","add_lead_ore.json"
"railcraft-reborn-1.21.1-1.2.10","data/railcraft/neoforge/biome_modifier/add_nickel_ore_middle.json","add_nickel_ore_middle.json"
"railcraft-reborn-1.21.1-1.2.10","data/railcraft/neoforge/biome_modifier/add_nickel_ore_small.json","add_nickel_ore_small.json"
"railcraft-reborn-1.21.1-1.2.10","data/railcraft/neoforge/biome_modifier/add_nickel_ore_upper.json","add_nickel_ore_upper.json"
"railcraft-reborn-1.21.1-1.2.10","data/railcraft/neoforge/biome_modifier/add_quarried_stone.json","add_quarried_stone.json"
"railcraft-reborn-1.21.1-1.2.10","data/railcraft/neoforge/biome_modifier/add_saltpeter.json","add_saltpeter.json"
"railcraft-reborn-1.21.1-1.2.10","data/railcraft/neoforge/biome_modifier/add_silver_ore.json","add_silver_ore.json"
"railcraft-reborn-1.21.1-1.2.10","data/railcraft/neoforge/biome_modifier/add_silver_ore_lower.json","add_silver_ore_lower.json"
"railcraft-reborn-1.21.1-1.2.10","data/railcraft/neoforge/biome_modifier/add_sulfur_ore_lower.json","add_sulfur_ore_lower.json"
"railcraft-reborn-1.21.1-1.2.10","data/railcraft/neoforge/biome_modifier/add_sulfur_ore_upper.json","add_sulfur_ore_upper.json"
"railcraft-reborn-1.21.1-1.2.10","data/railcraft/neoforge/biome_modifier/add_tin_ore_large.json","add_tin_ore_large.json"
"railcraft-reborn-1.21.1-1.2.10","data/railcraft/neoforge/biome_modifier/add_tin_ore_small.json","add_tin_ore_small.json"
"railcraft-reborn-1.21.1-1.2.10","data/railcraft/neoforge/biome_modifier/add_zinc_ore.json","add_zinc_ore.json"
"rftoolsbase-1.21-6.0.10","data/rftoolsbase/neoforge/biome_modifier/dimshard_overworld.json","dimshard_overworld.json"
"rftoolsbase-1.21-6.0.10","data/rftoolsbase/neoforge/biome_modifier/dimshard_end.json","dimshard_end.json"
"rftoolsbase-1.21-6.0.10","data/rftoolsbase/neoforge/biome_modifier/dimshard_nether.json","dimshard_nether.json"
"rftoolsbase-1.21-6.0.10","data/rftoolsbase/neoforge/biome_modifier/dimshard_dimensions.json","dimshard_dimensions.json"
"stellaris-1.21-neoforge-1.4.22","data/stellaris/neoforge/biome_modifier/add_mars_ores.json","add_mars_ores.json"
"stellaris-1.21-neoforge-1.4.22","data/stellaris/neoforge/biome_modifier/add_mercury_ores.json","add_mercury_ores.json"
"stellaris-1.21-neoforge-1.4.22","data/stellaris/neoforge/biome_modifier/add_moon_ores.json","add_moon_ores.json"
"stellaris-1.21-neoforge-1.4.22","data/stellaris/neoforge/biome_modifier/add_overworld_ores.json","add_overworld_ores.json"
"stellaris-1.21-neoforge-1.4.22","data/stellaris/neoforge/biome_modifier/add_venus_ores.json","add_venus_ores.json"
"supplementaries-neoforge-1.21.1-3.6.4","data/supplementaries/neoforge/biome_modifier/basalt_ash.json","basalt_ash.json"
"supplementaries-neoforge-1.21.1-3.6.4","data/supplementaries/neoforge/biome_modifier/cave_urns.json","cave_urns.json"
"supplementaries-neoforge-1.21.1-3.6.4","data/supplementaries/neoforge/biome_modifier/ocean_barnacles.json","ocean_barnacles.json"
"supplementaries-neoforge-1.21.1-3.6.4","data/supplementaries/neoforge/biome_modifier/shore_barnacles.json","shore_barnacles.json"
"supplementaries-neoforge-1.21.1-3.6.4","data/supplementaries/neoforge/biome_modifier/wild_flax.json","wild_flax.json"
"tfmg-1.2.0","data/tfmg/neoforge/biome_modifier/lead_ore.json","lead_ore.json"
"tfmg-1.2.0","data/tfmg/neoforge/biome_modifier/lithium_ore.json","lithium_ore.json"
"tfmg-1.2.0","data/tfmg/neoforge/biome_modifier/nickel_ore.json","nickel_ore.json"
"tfmg-1.2.0","data/tfmg/neoforge/biome_modifier/oil_deposit.json","oil_deposit.json"
"tfmg-1.2.0","data/tfmg/neoforge/biome_modifier/oil_well.json","oil_well.json"
"tfmg-1.2.0","data/tfmg/neoforge/biome_modifier/tfmg_striated_ores_nether.json","tfmg_striated_ores_nether.json"
"tfmg-1.2.0","data/tfmg/neoforge/biome_modifier/tfmg_striated_ores_overworld.json","tfmg_striated_ores_overworld.json"
"theurgy-1.21.1-neoforge-1.73.1","data/theurgy/neoforge/biome_modifier/add_sal_ammoniac_ore.json","add_sal_ammoniac_ore.json"
"the_bumblezone-7.13.2+1.21.1-neoforge","datapacks/buzzier_bees_compat/data/the_bumblezone/neoforge/biome_modifier/buzzier_bees.json","buzzier_bees.json"
"the_bumblezone-7.13.2+1.21.1-neoforge","datapacks/forestry_compat/data/the_bumblezone/neoforge/biome_modifier/forestry.json","forestry.json"
"the_bumblezone-7.13.2+1.21.1-neoforge","datapacks/productive_bees_compat/data/the_bumblezone/neoforge/biome_modifier/productivebees.json","productivebees.json"
"the_bumblezone-7.13.2+1.21.1-neoforge","datapacks/resourcefulbees_compat/data/the_bumblezone/neoforge/biome_modifier/resourcefulbees.json","resourcefulbees.json"
"Tropicraft-9.8.1","data/tropicraft/neoforge/biome_modifier/overworld_pineapples.json","overworld_pineapples.json"
"Tropicraft-9.8.1","data/tropicraft/neoforge/biome_modifier/overworld_palm_trees.json","overworld_palm_trees.json"
"ubesdelight-neoforge-1.21.1-0.4.13","data/ubesdelight/neoforge/biome_modifier/wild_garlic.json","wild_garlic.json"
"ubesdelight-neoforge-1.21.1-0.4.13","data/ubesdelight/neoforge/biome_modifier/wild_ginger.json","wild_ginger.json"
"ubesdelight-neoforge-1.21.1-0.4.13","data/ubesdelight/neoforge/biome_modifier/wild_lemongrass.json","wild_lemongrass.json"
"ubesdelight-neoforge-1.21.1-0.4.13","data/ubesdelight/neoforge/biome_modifier/wild_ube.json","wild_ube.json"
"variantsandventures-neoforge-1.0.24+mc1.21.1","data/variantsandventures/neoforge/biome_modifier/murk.json","murk.json"
"witchery-0.4.18","data/neoforge/neoforge/biome_modifier/wispy.json","wispy.json"
"witchery-0.4.18","data/neoforge/neoforge/biome_modifier/witchy.json","witchy.json"
"xycraft_world-0.7.53","data/xycraft_world/neoforge/biome_modifier/ore_aluminum.json","ore_aluminum.json"
"xycraft_world-0.7.53","data/xycraft_world/neoforge/biome_modifier/ore_kivi.json","ore_kivi.json"
"xycraft_world-0.7.53","data/xycraft_world/neoforge/biome_modifier/ore_xy_blue.json","ore_xy_blue.json"
"xycraft_world-0.7.53","data/xycraft_world/neoforge/biome_modifier/ore_xy_dark.json","ore_xy_dark.json"
"xycraft_world-0.7.53","data/xycraft_world/neoforge/biome_modifier/ore_xy_green.json","ore_xy_green.json"
"xycraft_world-0.7.53","data/xycraft_world/neoforge/biome_modifier/ore_xy_light.json","ore_xy_light.json"
"xycraft_world-0.7.53","data/xycraft_world/neoforge/biome_modifier/ore_xy_red.json","ore_xy_red.json"
"YungsBetterCaves-1.21.1-NeoForge-3.1.4","data/bettercaves/neoforge/biome_modifier/add_carvers.json","add_carvers.json"
"YungsBetterCaves-1.21.1-NeoForge-3.1.4","data/bettercaves/neoforge/biome_modifier/remove_carvers.json","remove_carvers.json"
"YungsBetterDungeons-1.21.1-NeoForge-5.1.4","data/betterdungeons/neoforge/biome_modifier/vanilla_dungeon_removal.json","vanilla_dungeon_removal.json"
"YungsBridges-1.21.1-NeoForge-5.1.1","data/yungsbridges/neoforge/biome_modifier/bridge_addition.json","bridge_addition.json"
"YungsExtras-1.21.1-NeoForge-5.1.1","data/yungsextras/neoforge/biome_modifier/desert_decorations_addition.json","desert_decorations_addition.json"
"YungsExtras-1.21.1-NeoForge-5.1.1","data/yungsextras/neoforge/biome_modifier/swamp_structures_addition.json","swamp_structures_addition.json"
"YungsExtras-1.21.1-NeoForge-5.1.1","data/yungsextras/neoforge/biome_modifier/vanilla_desert_well_removal.json","vanilla_desert_well_removal.json"
